customer_lifetime_value,income,monthly_premium_auto,months_since_last_claim,months_since_policy_inception,number_of_policies,total_claim_amount
customer_lifetime_value,1.0,0.0037319434945522487,0.40423492391666604,0.011912337001377546,0.017054661345476115,0.01678871967875189,0.23284924398032492
income,0.0037319434945522487,1.0,-0.002431051378064329,-0.026563506415944693,0.003846311508639399,-0.004461438661341699,-0.11122106125728325
monthly_premium_auto,0.40423492391666604,-0.002431051378064329,1.0,0.01003575640159079,0.01969640529854243,-0.01880455796813265,0.6301486243480394
months_since_last_claim,0.011912337001377546,-0.026563506415944693,0.01003575640159079,1.0,-0.03408559538015757,0.0008139243740390112,0.013873921549639295
months_since_policy_inception,0.017054661345476115,0.003846311508639399,0.01969640529854243,-0.03408559538015757,1.0,-0.009718595191132197,0.004185949261966921
number_of_policies,0.01678871967875189,-0.004461438661341699,-0.01880455796813265,0.0008139243740390112,-0.009718595191132197,1.0,-0.008018893616695447
total_claim_amount,0.23284924398032492,-0.11122106125728325,0.6301486243480394,0.013873921549639295,0.004185949261966921,-0.008018893616695447,1.0
